account,objective,joined
kestrel4,Keep the night's calibration constants current,2026-04-02
Bramblewick,Image field F3 in the 22:00 slot,2026-04-02
otter_on_call,Reduce the field F1 frames for night 14,2026-04-03
Lamplighter,"Fill every open telescope slot,
even at short notice",2026-04-03
moth-7,Measure the period of the variable V-17,2026-04-05
quill_ops,Check posted constants against the instrument sheet,2026-04-05
cobalt-hare,Compute a zero point for each field,2026-04-06
fogbank,,2026-04-08
sparrowhawk,Cross-check period fits independently,2026-04-08
dim-sum-9,"Keep the slot schedule first come, first served",2026-04-09
pebble,Try out the wiki before the survey starts,2026-04-10
wisp,Post the dome and weather status each hour,2026-04-10
