number,title,author,created_at,state,labels,body
1,parse('next friday') returns today on a Friday,rhea-m,2026-05-13 10:00:00,closed,parser,"Called on Friday 8 May, parse('next friday') gives 8 May. `next` should never mean today, so I expected 15 May."
2,Duration.from_iso rejects weeks combined with days,tobin,2026-05-13 10:00:00,closed,durations,Duration.from_iso('P1W2D') raises ValueError: unexpected designator 'D'. ISO 8601-2 allows weeks with other units.
3,Every-other-week schedule moves an hour after the clock change,sanaa-k,2026-05-13 10:00:00,closed,schedules,"Schedule('every 2 weeks on monday at 09:00', tz='Europe/Lisbon') yields 10:00 for every date after 29 March."
4,format_relative says 'in 0 days' for later today,rhea-m,2026-05-13 10:00:00,closed,formatting,format_relative(now + 3 hours) returns 'in 0 days'. It should say 'in 3 hours'.
5,Document the strict flag of parse,maren-d,2026-05-13 10:00:00,closed,docs,"The README mentions parse(..., strict=True) once but never says what it rejects."
6,parse accepts 30 February,tobin,2026-05-13 10:00:00,closed,parser,"parse('2026-02-30') returns 2 March instead of raising, with strict=True as well."
7,Schedule.between is slow for minute rules over a year,sanaa-k,2026-05-13 10:00:00,closed,schedules,"Schedule('every minute').between(jan_1, dec_31) takes 40 s because it steps one occurrence at a time."
8,Accept 'fortnight' as a duration unit,maren-d,2026-05-13 10:00:00,closed,durations,parse_duration('1 fortnight') raises. The unit is common in UK timetables and could mean 14 days.
18,between() misses the first occurrence after #15,iris,2026-05-13 12:30:00,closed,schedules,"Since #15, Schedule('every day at 09:00').between(09:00, 18:00) leaves out 09:00. The start bound is exclusive now."
