number,title,author,created_at,state,merged_at,merged_by,closed_at,closed_by,state_reason,linked_issue,labels,body
9,Skip today for 'next <weekday>',gale,2026-05-13 10:15:00,merged,2026-05-13 10:20:00,gale,,,,1,parser,`next friday` on a Friday means the Friday after.
10,Never return today for next weekday,hazel,2026-05-13 10:18:00,closed,,,2026-05-13 10:24:00,hazel,duplicate,1,parser,next_weekday starts counting from tomorrow.
11,Allow weeks with other designators,hazel,2026-05-13 10:35:00,merged,2026-05-13 10:41:00,hazel,,,,2,durations,P1W2D is nine days.
12,Keep 09:00 across the clock change,iris,2026-05-13 10:45:00,merged,2026-05-13 11:38:00,iris,,,,3,schedules,Occurrences are built in local time.
13,Validate the day of the month,juniper,2026-05-13 10:50:00,merged,2026-05-13 11:08:00,juniper,,,,6,parser,30 February raises InvalidDate.
14,Relative text for same-day times,kelp,2026-05-13 10:55:00,merged,2026-05-13 11:17:00,juniper,,,,4,formatting,"Hours within the same day, 'in 3 hours'."
15,Jump whole periods in between(),gale,2026-05-13 11:00:00,merged,2026-05-13 11:05:00,gale,,,,7,schedules,between() starts at the first period in range.
16,Document strict mode,juniper,2026-05-13 11:40:00,merged,2026-05-13 11:57:00,juniper,,,,5,docs,"What strict mode rejects, with examples."
17,Add a strict mode section to the docs,kelp,2026-05-13 11:44:00,closed,,,2026-05-13 11:58:00,kelp,superseded,5,docs,Explains strict=True.
19,Include the start bound in between(),juniper,2026-05-13 12:45:00,merged,2026-05-13 13:01:00,juniper,,,,18 (regression from #15),schedules,The first occurrence in range is kept again.
20,Accept 'fortnight' in durations,hazel,2026-05-13 13:20:00,merged,2026-05-13 13:25:00,hazel,,,,8,durations,fortnight reads as 14 days.
