number,author,created_at,body
1,gale,2026-05-13 10:02:00,Taking this.
1,hazel,2026-05-13 10:03:00,Taking this.
3,iris,2026-05-13 10:10:00,Taking this.
6,juniper,2026-05-13 10:11:00,Taking this.
4,kelp,2026-05-13 10:12:00,Taking this.
2,hazel,2026-05-13 10:13:00,Taking this.
10,hazel,2026-05-13 10:24:00,"Duplicate of #9, which is merged."
7,gale,2026-05-13 10:58:00,Taking this.
5,juniper,2026-05-13 11:39:00,Taking this.
5,kelp,2026-05-13 11:43:00,Taking this.
17,kelp,2026-05-13 11:58:00,"Superseded by #16, merged a minute ago."
18,gale,2026-05-13 12:32:00,"My fault, #15 dropped the boundary check."
18,juniper,2026-05-13 12:34:00,Taking this.
8,hazel,2026-05-13 13:18:00,Taking this.
